,text,verdict
0,correct predict back futur ii,true
1,whitehous rainbow color scotusmarriag think decis,true
2,cop bought alleg church shooter burger king hour kill,true
3,ca kkk grand wizard endors hillaryclinton neverhillari trump,true
4,open letter trump voter top strategist turn defector via xojanedotcom,true
5,god put rainbow white hous,true
6,craigslist ad get paid hour protest trump ralli,true
7,quasimodo dog short spine big heart,false
8,need getcov peopl find health insur plan littl mo,false
9,wakeupamerica need gun registri obama person inform,true
10,japan economi minist akira amari resign corrupt alleg,false
11,german shepherd rare spinal condit look forev home,false
12,sever hostag freed jewish supermarket pari photo thoma samson afp,true
13,hostag taker supermarket sieg kill report say parisattack,true
14,heaven chick fil open sunday,true
15,accur predict decad jump adventur backtothefutur,true
16,apolog alreadi seen crow ride bald eagl today imag phoo chan stori,true
17,oh invent pencil appleev,false
18,canadian soldier kill today ottawa shoot cpl nathan cirillo famili sourc told cnn live blog,true
19,thought prayer enough pre obama speak mass shoot year,true
20,five hostag escap sydney cafe sieg live updat buzzfeedoz,true
21,heard south korean comfort woman yunghi photograph survivor,false
22,transluc butterfli beauti,true
23,everyon mad bruce sex chang one gave ashit nerd minku chang chanel west coast,true
24,famili schwarzenegg last act governor stole justic dead son,true
25,mass shoot obama previou presid combin,true
26,report charliehebdo suspect kill,true
27,kiss island greenland,true
28,polic chief say dylann roof taken burger king shortli arrest,true
29,steve job adopt biolog father abdulfattah jandali syrian muslim,true
30,russian olymp offici concern learn team clean urin reservoir almost empti,false
31,woman earn pay men work equalpay,false
32,break updat canadian soldier injur parliament hill shoot die ottawa,true
33,cop bought burger king dylann roof follow arrest,true
34,updat total peopl abl get sydney cafe hostag situat,true
35,berniesand end institut racism reform broken crimin justic system demdeb,true
36,high school graduat rate time high potu,false
37,florida coupl arrest sell fake real estat moon wtf,true
38,hate write love written dorothi parker born day,false
39,watch one direct origin xfactoruk audit began,false
40,steve job adopt biolog father abdulfattah jandali syrian muslim,true
41,donald trump v adolf hitler,true
42,target boycott cross million signer stock sink billion,true
43,shoot canadian parliament come day isi inspir radic drove canadian soldier also report shoot war memori,true
44,ca grand dragon endors hillari clinton behalf kkk trump,true
45,landmark around world turn purpl honor princ princerip purplerain,true
46,increasingli compar hitler bother trump,true
47,break least five hostag pari kosher supermarket afp vincenn,true
48,target ceo respond nationwid boycott store transgend bathroom polici,true
49,oh readi watch zaynmalik pillowtalk mtv tonight p,false
50,jeb bush campaign kick state farewel tour iowa town hall meet,false
51,happi backtothefutur day back futur part ii score predict,true
52,month old babi among hostag kosher supermarket pari unbear sad,true
53,rudi giuliani rip hillaryclinton drag colin powel email scandal lie everi day,false
54,openli gay man said partner met pope franci day kim davi,true
55,updat afp say gunman taken hostag kosher supermarket pari believ suspect kill policewoman thursday,true
56,isi claim respons tripl bomb kill least peopl injur near damascu,false
57,solo cup red decad starbuck take shot christma solo shot first,true
58,whitehous rainbow color tonight celebr scotu sex marriag rule,true
59,ben carson happen black slaveri pro life abort today,true
60,anonym kkk hood hide opkkk hoodsoff,true
61,open letter realdonaldtrump top strategist turn defector,true
62,el chapo threaten isi men destroy,true
63,uber intro surg price downtown sydney hostag sieg,true
64,avoid p bag charg use trolleybagsuk enter win set star x,true
65,chief te travi kelc realiti tv date show,false
66,break gunman policewoman kill suspect new pari hostag take sourc,true
67,new cnn orc poll find hillaryclinton ahead realdonaldtrump point,true
68,paramed current carri number hostag martinpl sydneysieg news,true
69,least kill today attack satir magazin charliehebdo pari offici say,true
70,latest starv refuge syria guy look like friggin soldier,true
71,white hous lit rainbow color gay marriag rule,true
72,poor woman india fight right job start work heart open,false
73,dearborn michigan morn pro isi ralli spread word fit hit u,true
74,ausopen british number one andi murray beat australia sam groth score,false
75,saliha one first woman ever stand elect saudi arabia watch stori,false
76,cnn talk irand nasa confirm earth experi day dark novemb,true
77,back futur predict came true,true
78,million american kill gun sinc john lennon death,true
79,arrest dylann roof hungri polic bought food burger king detail,true
80,polic move polic confirm live ammunit use martin place sydneysieg,true
81,pathet littl twat wait argu p bag charg,true
82,icymi joseph pena squat pound year old,false
83,two shot pari includ traffic cop manhunt continu charliehebdo suspect,true
84,warn syrian refuge hv arriv neworlean r stay fund r well invest one way ticket,true
85,sacha baron cohen wife donat million syrian refuge,false
86,trayvon martin space camp florida blacklivesmatt,true
87,steve job adopt biolog father abdulfattah jandali syrian muslim,true
88,hillari clinton strategist bob beckel call wikileak editor julian assang assassin,true
89,face femal jihadist tashfeenmalik could pas widow orphan norefuge islamistheproblem,true
90,lazi trait black book quot trump say,true
91,u tri locat american miss baghdad al arabiya report may kidnap militia,false
92,today deptofdefens took step expand paid leav militari mom dad,false
93,lazi trait black book quot trump say,true
94,man held disneyland pari carri low calibr gun copi koran polic sourc,false
95,el chapo v isi mexican cartel bos threaten islam state drug trade,true
96,adolf hitler v donald trump,true
97,berniesand pull magic trick hat nevada offici,true
98,opkkk releas name reveal unexpect plottwist,true
99,break skybusi freed hostag born high sydneysieg w c paramed team scene carsonscottli,true
100,celebr death hoax news jame earl jone dead,true
101,terp maryland knock iowa beaten last top oppon,false
102,uber say hike price sydney encourag driver come onlin pick passeng sydneysieg,true
103,big one larg scale motion detect along san andrea fault,true
104,look like face homeless coupl caught live walmart attic year,true
105,dave know polit modest content jumbotron dave crass loud,false
106,donald trump adolf hitler two side coin racism fascism,true
107,nhl cancel tonight game ottawa toronto due today shoot senat host mapl leaf,true
108,jay z beyonc want buy right confeder flag,true
109,peopl spoken petit snoopdogg narrat planet earth,false
110,white hous lit rainbow,true
111,colorado mcdonald offer first marijuana friendli smoke section restaur,true
112,break st load syrian refuge arriv new orlean makeamericagreatagain,true
113,ohio polic say offic serv sandwich contain glass shard restaur,true
114,myth zouheir hero muslim secur guard pari via bbctrend,true
115,lead caus death heart diseas cancer medic error,true
116,target believ men pee girl stock taken huge hit good keep boycot target,true
117,jindal demand info refuge enter new orlean,true
118,break polic enter lindt cafe hostag flee sydneysieg,true
119,appl announc profit quarter histori end unpreced growth,false
120,caitlyn jenner reportedli pose nude sport illustr,true
121,presid obama announc ban solitari confin juvenil feder prison washington post,false
122,fbi uncov nearli email materi sent hillari clinton,false
123,donald trump new adolf hitler,true
124,craigslist ad allegedli post berni support offer protest trump ralli wisconsin trump alreadi creat job,true
125,hillaryclinton ahead berniesand percentag point new cb news poll releas sunday,true
126,well done scotland p carrier bag charg yr old today cut usag le bag good caus,true
127,unreal watch happen desper muslim refuge offer red cross food,true
128,letter trump voter top strategist turn defector know real believ,true
129,father steve job ground break founder appl refuge syria,true
130,mask men dress black involv migrant attack stockholm,false
131,new transgend bathroom polici target real fabul,true
132,white hous aglow color rainbow celebr suprem court sex marriag decis,true
133,berni sander speak institut racism,true
134,investig nearli alleg unlaw kill uk soldier iraq drop mod say,false
135,mayor flatli deni klan membership anonym releas name onlin opkkk hoodsoff,true
136,donald spunktrumpet former commun director stephani cegielski resign written,true
137,holi christ samuraijack return televis,false
138,dh employe terror watch list h penguinsfan,true
139,kiss island greenland,true
140,donald trump support abort ban punish woman,true
141,break whitehous celebr u tonight lit rainbow color lovewin,true
142,iran suprem leader award medal troop captur sailor,false
143,greek custom captur contain weapon ammunit go refuge camp europ plastic furnitur,true
144,break video hillari surrog call assassin julian assang,true
145,desper ted cruz claim plan parenthood shooter transgend lefti base rumor read,true
146,woman lead author poor peopl groceri cart,false
147,ted cruz appar ride presid air forc one en rout dalla man barack obama saint,true
148,peopl china ride escal horrif accid,true
149,tweet realdonaldtrump orlando shoot,true
150,berni sander actual nevada hillari clinton peopl spoken,true
151,massachusett court find reason black men run polic avoid racial profil,true
152,cool photo white hous w rainbow color tonight hard top one chuck kennedi,true
153,donald trump tell chri matthew woman deserv form punish abort,true
154,dh employe terrorist watch list via kredo,true
155,woman america still earn everi men make time equalpay,false
156,peopl boycot target new transgend bathroom polici like,true
157,thousand peopl china claim seen float citi sky,true
158,danish lawmak approv bill allow seizur asylum seeker valuabl help cover expens,false
159,sydneysieg confirm dead prayforsydney prayforsydneyhostag sydney hostag,true
160,usg sonic boom confirm new jersey area report shake immedi known,false
161,mysteri creatur discov california everyon natur cri alien,true
162,consid orlando shooter regist democrat would like put back,true
163,powel break silenc clinton tri pin scandal,false
164,alert islam taught tennesse school wakeupamerica tcot wethepeopl pjnet ccot,true
165,el chapo put million bounti donald trump dead aliv,true
166,hacker anonym say set expo hundr kkk member opkkk,true
167,dylanobrien learn hard way mess shelleyhennig,false
168,dh employe terrorist watch list washington free beacon,true
169,sydney hostag taker man moni origin iran self style sheikh accus sexual assault woman develop,true
170,haron moni hostag taker sydney fled iran suspect ex wife kill sex assault,true
171,shock homeland secur employe terrorist watch list,true
172,drunk vegetarian eat meat via thedailybeast,true
173,kim davi anger eye tiger creator use song prison releas,true
174,white hous lit rainbow color follow u suprem court rule sex coupl right marri,true
175,reliabl sourc parliament hill tell assail kill cdnpoli ottnew,true
176,meet kenni tiger born syndrom proof perfect beauti,true
177,cnn orc poll clinton best st dem debat sander significantli increas support past month,true
178,ripchyna wwe icon pas away age,false
179,back futur predict actual came true,true
180,break south carolina ban sale tylenol fear pick cotton bottl may repres slaveri,true
181,hillari clinton strategist bob beckel call wikileak editor julian assang assassin dncleak,true
182,everyon think starbuck red cup ruin christma,true
183,fda confisc sever thousand chicken kfc farm mutat worsen,true
184,month ago rupert murdoch bought nation geograph fire writer hit stand,true
185,transluc butterfli beauti,true
186,target backlash transgend bathroom polici hit boil point boycotttarget,true
187,break updat gunman say four devic locat around sydney secur respons underway polic call calm news,true
188,sylvest stallon broke script rocki accept sold dog bought back,true
189,pre obama sanbernardino pattern mass shoot countri parallel,true
190,michael phelp gold medal speedo crash asu curtain distract last night read right,false
191,presssec realdonaldtrump comment disqualifi presid via talkopan,true
192,open letter trump voter top strategist turn defector juddapatow andylassn bettemidl,true
193,lurk underneath crispi crust kfc custom claim got fri rat,true
194,black men legitim reason run polic massachusett suprem court,true
195,exclus michael zahaf bibeau caught dashcam model sold ottawashoot,true
196,dear hillaryclinton st woman presidenti candid victoria woodhul look realdonaldtrump,true
197,escap sydneysieg hostag elli chen top student skill sportswoman,true
198,polic convoy helicopt rush scene detain charli hebdo massacr suspect,true
199,good news busi ad million job past month,false
200,dh employe terrorist watch list,true
201,ben carson brainless brain surgeon america new column,true
202,cnn orc poll donald trump competit gener elect via jennagiesta,true
203,team boast woman ever compet nation olymp game potu teamusa,false
204,break charli hebdo gunman hostag freed safe polic assault,true
205,sydney sieg polic enter cafe hostag flee scene gunfir heard report injur person live,true
206,mass shoot list reagan bush sr clinton bush jr obama sanbernadino,true
207,red alert drake drop new singl call summer sixteen new album,false
208,spoiler alert leo kate ridicul cute togeth sagaward,false
209,refus pay p bag charg backfir,true
210,pre obama sanbernardino pattern mass shoot countri,true
211,white hous take rainbow hue celebr scotusmarriag decis,true
212,perhap medium ask hillari clinton campaign made payment hard drive destruct compani,true
213,polic negoti contact arm hostag taker sydney situat motiv remain unknown,true
214,orlando oh look muslim shooter also democrat,true
215,obama skip nanci reagan funer music film festiv austin tx via waynedupreeshow,true
216,polic shut restaur offic cut mouth shard glass found sandwich,true
217,denver medic center lockdown hospit deadli incid denver coliseum,false
218,break news search move canada skyrocket follow supertuesday,true
219,hey guy target back check usa today articl boycott,true
220,donald trump lazi trait black realli believ anyth control,true
221,geoblock lift abcnew stream coverag martin place sieg sydney,true
222,polic confirm hostag escap sydney cafe unknown number remain insid sydneysieg,true
223,clinton hide fail health full disclosur covert doctor nurs via mailonlin maga realdonaldtrump,true
224,ador young fan ask riley curri valentin steph respond,false
225,sun goe white hous light rainbow color celebr scotu rule,true
226,erdo cite hitler germani exampl effect govern,false
227,starv beast destroy civilsocieti target stock sink billion,true
228,lazi trait black trump accord former presid trump plaza hotel casino vitico,true
229,break least kill shoot french satir newspap charli hebdo pari prosecutor offic say,true
230,confirm shooter shot dead parliament hill suspect cbcott ottnew,true
231,steve job biolog father syrian immigr,true
232,three men found guilti involv largest burglari english legal histori hatton garden,false
233,purpl memori landmark across globe honor princ death,true
234,plumber su car dealership truck trade end hand isi,true
235,five hostag escap besieg lindt cafe sydney latest updat,true
236,backtothefutur fan octob futur final,true
237,soldier shot dead wednesday ottawa attack name cpl nathan cirillo hamont ottawashoot,true
238,nasa astronaut stationcdrkelli captur beauti sunris aboard intern space station,false
239,jindal protest send syrian refuge new orlean,true
240,ohio lawmak want know state epa tell public lead leak water suppli sebr,false
241,uk right nervou p plastic bag charg implement california street ran red blood,true
242,french polic publish photo suspect yesterday montroug shoot mayb person kosher market,true
243,vote donald trump vote adolf hitler,true
244,transluc butterfli beauti,true
245,steve job adopt biolog father abdulfattah jandali syrian muslim,true
246,color celebr new chapter histori american civil right lovewin,true
247,urgent call purg plan tonight baton roug bluelivesmatt flash,true
248,china job threaten autom,false
249,vatican say kimdavi meet w popefr consid form support,true
250,toni tiger cummi left give,false
251,charleston church shooter dylann roof receiv million donat support,true
252,donald trump disqualifi run presid,true
253,test find human dna hot dog meat vegetarian product,true
254,obama cut militari pay third year row push min wage burger flipper,true
255,doubl rainbow white hous,true
256,holi shit rupert murdoch kill nation geograph,true
257,sander close point behind clinton new iowa poll,true
258,target new transgend polici rais sort question,true
259,potu declar feder emerg flint michigan supplement state local respons effort,false
260,bulgaria find fake passport hidden muslim refuge head germani passport terrorist,true
261,french polic hunt woman arm man arrest near disneyland pari,false
262,reagan mass shoot bush sr mass shoot clinton mass shoot bush jr mass shoot obama mass shoot,true
263,good news target stock plummet lbgtq bathroombil tcot pjnet rednationris,true
264,fox news host claim hillari clinton seizur camera secret health issu,true
265,soldier kill canada shoot young reservist six year old son,true
266,reagan mass shoot bush sr mass shoot clinton mass shoot bush jr mass shoot obama mass shoot,true
267,newsflash orlando shooter muslim democrat republican christian gayprid,true
268,nurs save live differ race color hillaryclinton think belong basketofdeplor,true
269,hillari clinton victoria woodhul pro life feminist ran nomin presid,true
270,report caitlyn jenner pose nude sport illustr,true
271,white hous shine rainbow color light honor scotu gay marriag decis lovewin,true
272,mark zuckerberg richer koch brother,false
273,watch berni sander sing land land vampir weekend iowa student ralli,false
274,niagara fall turn purpl day princ die,true
275,shooter orlando muslim b regist democrat voter c isi homophob e readi hillari,true
276,el chapo threaten isi,true
277,break news least shot fire ottawa war memori one soldier confirm shot,true
278,killer american rank chang littl year,true
279,shot captur sydneysieg sheer terror relief escap hostag incred work nswpolic,true
280,white hous lit rainbow color high court gay marriag rule photo,true
281,chick fil open sunday,true
282,leg dog expect surviv get shot scare arm robber,false
283,peopl china ride escal horrif accid,true
284,farook famili attorney say brother famili never saw tashfeen malik face alway wore burka,true
285,dh employe terrorist watch list,true
286,new cnn democrat poll berni sander hillari clinton joe biden martin malley,true
287,happi minimum wage labor day mcdonald,true
288,target stock taken billion hit insist insult regular custom,true
289,muslim secur guard stop bomber enter stadium parisattack zouheir,true
290,nasa confirm earth experi day complet dark novemb,true
291,dh employe terrorist watch list via kredo,true
292,develop gunman take hostag sydney cafe isi flag held window,true
293,potu take step ban solitari confin low level infract,false
294,black peopl stubborn chang pbagcharg,true
295,mexican drug kingpin el chapo reportedli threaten destroy isi p ssi,true
296,accord anonym next isi target wwe event atlanta,true
297,kiss island greenland,true
298,turkey presid say want power hitler,false
299,today progress thing remind achiev lead strength wisdom potu progress iran,false
300,miner rescu mine china shandong day underground state medium,false
301,break rick hugh cbc hamilton soldier shot ottawa wednesday morn reservist serv hamilton,true
302,ooh babi dicki v love revers dunk ben simmon lsu doubl digit oklahoma,false
303,actor abe vigoda die,false
304,peopl china ride escal horrif accid,true
305,mook spook hillari manag predict trump win presid nomin,false
306,white hous lit rainbow color today histor suprem court rule scotusmarriag,true
307,zika viru spread explos around america director gener say,false
308,whitehous lit like rainbow lovewin,true
309,happi nationalhugday,false
310,leg chicken fda confisc sever thousand chicken kfc farm mutat worsen,true
311,isi kill babi afflict syndrom disabl activist claim,true
312,donald trump captur dead aliv reportedli worth million el chapo,true
313,kati perri make holiday wish come true burn victim,true
314,realdonaldtrump secret popular look handsom,true
315,tv channel chosen show video hostag relay sydneysieg gunman demand,true
316,oregon militia idiot would like stop mail dildo plea,false
317,poll hillaryclinton trail berniesand new hampshir even without vp race,true
318,target boycott cross million signer stock sink billion breitbart,true
319,former conserv minist lord cecil parkinson die age suffer cancer famili say,false
320,watch video show gunfir insid canada parliament ottawa,true
321,kosovo war crime court set hagu dutch govern say,false
322,one surpris cours obama skip nanci reagan funer digniti strongest attribut,true
323,ador frighten sloth rescu side highway ecuador,false
324,report la vega sand propos billion dome stadium possibl draw nfl franchis fox la vega,false
325,son syrian refuge,true
326,michel obama say white folk wrong america michel wrong america,true
327,begin isi flag among refuge germani fight polic,true
328,year ago potu bet big rescu american auto industri paid,false
329,father steve job ground break founder appl refuge syria,true
330,said donald trump adolf hitler,true
331,seem berniesand back nevada let clarkcountynv dem rig sensand feelthebern,true
332,ever wonder mass shoot ever happen obama via rebootliberti,true
333,nasa recent releas imageri show deforest america year,true
334,nation dog owner demand know good boy,false
335,kenni tiger syndrom prove perfect beauti,true
336,greysabc season focu origin greysanatomi,false
337,imachristianbut wish chick fil open sunday,true
338,surpris number vegetarian secretli eat meat,true
339,live ex presid warn donald trump,true
340,polic surround build suspect charliehebdo attack hole,true
341,could compet olymp event would choos potu ask flotu,false
342,whitehous lit rainbow lovewin,true
343,germanw plane crash southern franc fear dead,true
344,transluc butterfli,true
345,presssec realdonaldtrump muslim comment disqualifi presid,true
346,kiss island greenland,true
347,obama cut militari pay third year row push min wage burger flipper,true
348,beck david bowi alway guidepost,false
349,lego first ever figurin wheelchair prompt genuin tear joy,false
350,intern crimin georg soro boi davidbrockdc sooo bust fauxprotest ringer realdonaldtrump,true
351,dramat video via josh wingrov shot fire insid parliament build ottawa shoot,true
352,target stock plung earli day americanfamassc boycott,true
353,steve job adopt biolog father abdulfattah jandali syrian muslim,true
354,live updat sieg sydney cafe,true
355,icymi somehow lebron came short match rest team chang mid quarter,false
356,human dna found hot dog vegetarian sausag contain meat,true
357,girl kill sleep wear earbud iphon charg,true
358,clinton omin tell iowan support mark front door campaign logo sundown,false
359,watch thursday gopdeb realdonaldtrump stage,false
360,rt oper kkk offici opkkk hoodsoff data releas love anonym,true
361,light white hous like rainbow gay pride sure hell better red white blue independ day merica,true
362,dear msm bob beckel call assassin julianassang ericbol,true
363,u swimmer jimmi feigen pay chariti part deal settl brazil robberi disput u medium,false
364,north carolina town reject solar panel suck energi sun,true
365,elvi presley made tv debut year ago today look back histori tube,false
366,wakeupamerica head need roll school forc non muslim prais islam bansharia,true
367,polic arrest dylannroof went bought burger king hungri charlestonshoot,true
368,polic bought dylannroof food burgerk arrest church shoot,true
369,mani trump support defect open letter trump voter top strategist turn defector,true
370,head collis anoth planet may creat moon research say,false
371,opkkk anonym reveal ident ku klux klan member,true
372,reagan mass shoot bush sr mass shoot clinton mass shoot bush jr mass shoot obama mass shoot,true
373,fda confisc sever thousand chicken kfc farm mutat worsen,true
374,sever hostag freed jewish supermarket pari photo thoma samson afp,true
375,thought prayer go nathan cirillo die today ottawa protect countri age,true
376,steve job adopt biolog father abdulfattah jandali syrian muslim,true
377,survey vegetarian admit eat meat drunk,true
378,tini alpin town northern itali welcom first babi year,false
379,nyc pride parad orlando republican hate kill orlando shooter muslim democrat,true
380,colombu ohio polic offic serv sandwich shard glass,true
381,break tom bradi set share sport illustr cover caitlyn jenner,true
382,develop polic pursu charliehebdo shoot suspect helicopt deploy live feed,true
383,orlando shoot protest shooter regist democrat,true
384,jakarta attack kamitidaktakut hashtag show indonesian afraid,false
385,boycott hell target think ok boy pee girl let u hit hurt money,true
386,caitlyn jenner pose nude sport illustr cover noth say sexi like year old chick ball,true
387,oh ferguson polic chief say cop know robberi stop mikebrown kid jaywalk b,true
388,pledg boycott target transgend bathroom polici,true
389,steve job adopt biolog father abdulfattah jandali syrian muslim,true
390,caitlyn jenner pose nude sport illustr cover ball censor sad michael jordan face,true
391,help red cross provid food water cot refuge across europ aidrefuge,true
392,marilyn monro jame dean smoke new york citi,true
393,hostag situat erupt sydney cafe australian prime minist say may polit motiv,true
394,look eddi redmayn look alicia vikand make u kind emot sagaward,false
395,democrat say syrian refuge year old orphan worri buy gun,true
396,predict million case zikaviru spread america,false
397,attack faith attack faith potu israelinusa,false
398,question madisonb year old singer justinbieb discov youtub,false
399,updat afp unnam polic sourc say kill policewoman pari thursday link charliehebdo attack,true
400,break polic confirm sydneysieg news,true
401,steve job adopt biolog father abdulfattah jandali syrian muslim,true
402,ignor cold homeless guy sit outsid starbuck plea sure complain non christian red cup coffe,true
403,mass shoot obama seek expand background check gun sale execut order bypass congress,true
404,obes woman arrest starv kid enough food,true
405,clinton campaign made payment hard drive destruct compani destruct hard drive hillaryclinton,true
406,pop legend princ die,false
407,judi carn sock girl laugh die,true
408,steve job adopt biolog father abdulfattah jandali syrian muslim,true
409,paul kantner jefferson airplan conceptu heart essenti song,false
410,homicid among top five caus death adolesc endviol,true
411,massachusett court find reason black men run polic avoid racial profil,true
412,offici berniesand actual nevada today came factor enthusiasm organ,true
413,woman stab boyfriend like instagram selfi fast enough,true
414,wit polic allegedli stop mike brown yell walk sidewalk ferguson,true
415,transluc butterfli beauti,true
416,great pacif garbag patch research return data,true
417,third vegetarian eat meat drunk night,true
418,real life fallen angel fall sky london,true
419,merkel say refuge must return home war,false
420,peopl china ride escal horrif accid,true
421,steve job adopt biolog father abdulfattah jandali syrian muslim,true
422,donald trump tell msnbc form punish abort,true
423,googl agre pay back tax open audit account uk tax author,false
424,poll prove berni sander hispan vote nevada,true
425,obama hour light white hous rainbow color gay marriag day lower flag dead marin,true
426,russian laboratori invent way remov black skin layer black peopl,true
427,trump hope revers sex marriag ap photo,false
428,rememb steve job biolog father syrian migrant photo ap,true
429,sticker fruit edibl,true
430,underr person year candid prime minist singapor,false
431,call anonym collect fire kkk affili sourc nov opkkk hoodsoff retweet share,true
432,internet cnn delet poll show berni sander democrat debat,true
433,pick compani month million famili join afa target boycott stock take billion hit,true
434,alert fall new facebook scam,true
435,niagara fall turn purpl day princ die,true
436,photo white hous lit rainbow color high court gay marriag rule,true
437,great scott backtothefutur almost nail predict hplab make,true
438,new cnn wmur nh democrat poll berni sander hillari clinton joe biden martin malley sept voter,true
439,anonym opkkk hood come begin unit state senat mayor hoodsoff,true
440,updat canada prime minist justintrudeau say five peopl dead school shoot,false
441,first load syrian refuge arriv new orlean resettl unbeknownst local tcot,true
442,cop arrest dylann roof treat burger king,true
443,month ago rupert murdoch bought nation geograph fire writer hit stand,true
444,today first load obama syrian refuge arriv new orlean singl male year old,true
445,judg hillari clinton must respond oath question conserv legal watchdog,false
446,dad love famili much got eye enlarg surgeri could look,true
447,china economi grew mark slowest growth year,false
448,first black femal gop repmialov return donat alleg white supremacist,true
449,white hous glow pride ap photo,true
450,america first muslim femal judg carolyn walker diallo,true
451,first femal candid presid hillaryclinton victoria woodhul nhpolit tcot,true
452,justin trudeau rais son feminist,false
453,updat three men includ two brother identifi franc newspap attack sourc jesuischarli charliehebdo,true
454,openli gay man said partner met pope franci day kim davi,true
455,break news campaign donat link top gop contend dylannroof tedcruz return k,true
456,actor jame earl jone dead,true
457,dearborn michigan morn pro isi ralli spread word fit hit u,true
458,back futur predict came true,true
459,sorri mark zuckerberg give billion random facebook user,true
460,steve job adopt biolog father abdulfattah jandali syrian muslim,true
461,afternoon lower flag half mast honour canadian reservist lost life ottawa,true
462,travel associ case zika viru report state c year last cdc say,false
463,tedcruz berni socialist admit hillari socialist pretend,false
464,donald trump goe louisiana flood site spend minut hand play doh leav whereshillari,true
465,surpris number vegetarian secretli eat meat,true
466,let u make next two week black qb let u talk great guy c barkley,false
467,rent v own home side side comparison,false
468,kenni consid first tiger syndrom age nine kenni die cancer,true
469,truth nod thexfil cia releas hundr declassifi doc,false
470,refus pay p bag charg backfir,true
471,still eyewit video show two charliehebdo attack wear hood black cloth shoot wound man,true
472,accord seven pictur gunman,true
473,target boycott cross million signer stock sink billion,true
474,plumber su car dealership truck trade end hand isi,true
475,onceuponatim colinodonoghu dark hook like piss boyfriend onceabc,false
476,pope franci meet endors kim davi vatican say,true
477,shoot report naval medic center san diego accord center facebook page,false
478,boycott target transgend lgbtq tcot bathroombil pjnet,true
479,oscar host chri rock call event white bet award due lack diver,false
480,refuge expect austria today per red cross percent sick injur,true
481,killer american rank chang littl year,true
482,pledg boycott target transgend bathroom polici,true
483,know microsoft actual use dog nose thumbstick gamecub control,true
484,hood anonym announc oper name kkk member opkkk,true
485,cop reward dylann storm roof burger king follow arrest act domest terror,true
486,johnrlottjr number peopl kill mass shoot obama tenur casualti pari year alon casualti,true
487,whole food asparagu water water three stalk asparagu,true
488,shot fire parliament hill polic tell everyon take cover,true
489,dh employe found terrorist watch list,true
490,men pakistan secur forc told report stop probe tashfeenmalik background face arrest,true
491,steve job adopt biolog father abdulfattah jandali syrian muslim,true
492,fart burn calori practic weight loss mechan,true
493,texa plumber sue car dealership truck wind isi video,true
494,hillaryclinton talk clinton gore confeder campaign button,true
495,sander latino vote accord sampl data compar clinton nvcaucu,true
496,full statement pm abbott sydneysieg martinplac lindt,true
497,first syrian refuge arriv new orlean notic woman child realdonaldtrump tcot,true
498,happi minimum wage labor day mcdonald,true
499,clever market campaign norwegian airlin via,false
500,polic take peopl pari groceri hostag held,true
501,obes woman arrest starv kid enough food,true
502,report channeltennew sydneysieg gunman want isil flag deliv cafe also want speak pm peopl kill,true
503,justic depart end use privat prison,false
504,time msleamichel instagram inspir u live healthier life,false
505,white hous celebr obama call victori america lovewin,true
506,afp suspect charliehebdo gunman kill,true
507,least dead pari shoot updat stori background info charliehebdo,true
508,obama plan execut action gun control white hous admit prevent mass shoot,true
509,florida man sip bud light walk street shirt shoe say lost pant underwear beach,true
510,peopl smile seizur stand upright immedi launch coher sentenc,false
511,peopl china ride escal horrif accid,true
512,peopl enrag starbuck red cup christma enough,true
513,jake make one team kal el let u know side empirebv,false
514,break news oooof hoodsoff opkkk anonop anonym anonfamili kkk racism,true
515,new seaworld show eleph drown larg tank water explan,true
516,break shoot parliament hill rcmp weapon drawn cdnpoli,true
517,iron time today first load syrian refuge arriv new orlean,true
518,berniesand say realdonaldtrump use racism way attract vote bernieoncnn,true
519,everyon mad bruce sex chang one gave ashit nerd minku chang chanel west coast,true
520,north korea plan kind rocket launch u offici say cite increas activ test site,false
521,flag window sydney lindt cafe isi flag read god allah muhammad messeng god liztilley,true
522,donald trump defend christma say mayb boycott starbuck new red cup,true
523,break three hostag appear escap sydney cafe sieg remain ongo sydneyseig,true
524,realbencarson good man gain whole world lose soul,false
525,american famili associ get sign petit boycot target transgend bathroom polici,true
526,book written say trump say lazi trait black,true
527,hero affanchowdhri kevin vicker head secur parliament credit take shooter ottawa,true
528,look like face homeless coupl caught live walmart attic year,true
529,break sourc confirm cp deceas soldier ottawa cpl nathan cirillo cirillo member hamilton argyl,true
530,two favorit landmark go purpl honor world miss princ beauti,true
531,reagan mass shoot bush sr mass shoot clinton mass shoot bush jr mass shoot obama mass shoot,true
532,poll hillaryclinton lead berniesand shrink edg gop vanish,true
533,tim kain besti muslim brotherhood demsinphilli dncconvent,true
534,offici clark counti popul nevada washo counti berniesand hillari bernietakesnevada,true
535,watch live sun goe white hous light rainbow color celebr scotu rule,true
536,isi flag among refuge germani fight polic norefuge rebootliberti,true
537,today cnn remov debat poll berniesand demdeb clintonnewsnetwork,true
538,dewshin drink suspect death tennesse teen,false
539,anonym oper kkk ku klux klan never stop watch opkkk hoodsoff,true
540,end line land rover defend emiss rule kill icon x bbcgofigur,false
541,break least two peopl die follow sydneysieg peopl treat paramed,true
542,live white hous rainbow color hundr peopl hundr,true
543,valeri jarrett organ white hous rainbow light,true
544,dna confirm hakeem empir jay z biolog son read detail,true
545,bodi found north carolina virginia girl miss sinc wednesday virginia tech student charg,false
546,sever peopl held hostag sydney cafe australian tv show peopl hand window,true
547,poll hillaryclinton pull even berniesand new hampshir debat,true
548,know orlando shooter gay muslim regist democrat wonder liber tri blame gun orlandoshoot,true
549,father steve job founder appl refuge syria,true
550,white hous tonight illumin rainbow color honor celebr marriag equal bravo,true
551,black man run polic mere might tri avoid recur indign profil,true
552,updat donald trump advoc abort ban form punish woman abort msnbc,true
553,black islam flag held window lindt chocol store martin place sydney hostag insid,true
554,elud captur year mafia bos arrest underground bunker southern itali,false
555,stile rest u want lydia wake teenwolf tonight c,false
556,confirm dead francoi holland visit scene attack latest pari,true
557,man anxieti let depress muscl turf,false
558,woman hospit confus hair mouss builder foam,true
559,stop watch pillowtalk weekend even sorri,false
560,jeb bush donald go abl insult way presid cheer audienc nprdebat,false
561,one third vegetarian eat meat get drunk,true
562,ray hadley say spoke hostag could hear gunman background bark order demand go live air,true
563,plastic bag use wale drop per cent sinc p charg introduc,true
564,payment hard drive destruct compani,true
565,whole food call sell asparagu water water stalk asparagu,true
566,niagara fall turn purpl day princ die,true
567,vatican insist pope franci encount kim davi endors view,true
568,prime minist toni abbott statement sydneysieg updat,true
569,vatican offici say sen regret pope franci met kim davi,true
570,rememb talent singer aaliyah would th birthday,false
571,studi conclud clinton camp statist basi back claim latino vote nv,true
572,email michigan offici gave bottl water state employe year flint resid got,false
573,hey cnnpolit cnn poll go apparantli lot peopl like berniesand report,true
574,orlando shooter murder gay peopl regist democrat muslim medium go silent,true
575,crow ride eagl nbd,true
576,gop candid lawmak return donat made leader racist group cite dylann roof manifesto,true
577,break reportedli shot dead pari hq french weekli charli hebdo,true
578,nevada focu group pbsdebat say berniesand tonight debat margin,true
579,trump campaign strategist quit wrote amaz open letter,true
580,pray parent school leadership wisdom refus school satan club,true
581,london juri acquit five six broker trial accus manipul libor interest rate,false
582,obama pattern mass shoot countri parallel anywher el world,true
583,governor whose marriag would crime year ago never racist law,false
584,olymp u woman win basketbal gold th consecut olymp rout spain final,false
585,nasa curio rover send back selfi sand dune mar,false
586,nasa confirm earth experi day complet dark novemb,true
587,victoria woodhul ran u presid year hillari clinton,true
588,afa rio target transgend bathroom polici push left deconstruct famili via breitbartnew,true
589,lion share collabor work tend fall woman exhaust,false
590,rememb man kill four marin chattanooga refuge,true
591,break news shot fire parliament hill follow develop stori,true
592,ctv news confirm canadian author provid u author name michael zehaf bibeau connect ottawa shoot,true
593,poll hillaryclinton trail berniesand new hampshir even without vp race,true
594,well new one chelsea clinton impli marijuana kill mmot p tcot tlot,true
595,niagara fall turn purpl day princ die,true
596,real life fallen angel fall sky london,true
597,back futur predict came true,true
598,million american kill gun sinc john lennon death,true
599,boy die bitten dog essex woman arrest allow dog control,false
600,crow tri fight eagl get free ride instead,true
601,keep vanessa hudgen thought dad greg die last night cancer,false
602,white hous set aglow rainbow pride ap photo,true
603,kate winslet congratul leonardo dicaprio sagaward win everyth,false
604,gunman ottawa shot kill loss word morn canada,true
605,judi carn laugh sock girl die,true
606,gregg popovich th birthday one thing know tonight,false
607,white hous bath rainbow scotusgaymarriag,true
608,nfl diagnos concuss rose nearli percent season,false
609,watch zayn malik surreal pillowtalk video featur gigi hadad,false
610,soldier die today ottawa war memori name cpl nathan cirillo rip ottawastrong,true
611,ohio polic offic hospit eat shard glass sandwich columbu restaur blackliesmatt,true
612,potu reflect import take daughter visit holocaustmuseum holocaustremembranceday,false
613,develop presid obama attend sxsw festiv instead nanci reagan funer,true
614,see white hous light rainbow celebr gay marriag,true
615,rememb trump said lazi trait black,true
616,harri potter fan post incred move tribut severu snape alan rickman,false
617,polic confirm sydneysieg final two peopl reportedli injur suffer gunshot wound,true
618,obama cut militari pay third year row isi nd terrorist attack week wakeupamerica r ok w,true
619,break report two custom employe escap sydneysieg,true
620,u impos sanction iranian compani individu missil programm lift nuclear sanction,false
621,white hous set aglow rainbow pride ap photo,true
622,ooh babi icymi dicki v love revers dunk freshman phenom ben simmon,false
623,realdonaldtrump slam hillaryclinton job elect offici serv citizen,false
624,soldier shot nation war memori ottawa cdnpoli hw,true
625,eiffel tower display color franc flag pay tribut victim parisattack,false
626,tyronn lue east star coach coach game west counterpart gregg popovich game,false
627,american freed reunit famili someth celebr potu,false
628,war come season trailer cwthe miselizajan wildpipm,false
629,michael oher got text cam newton offseason prepar sb,false
630,woman mistook builder foam hair mouss,true
631,presid obama skip nanci reagan funer order attend south southwest,true
632,berni sander nevada caucu nvcaucu,true
633,isi medium account post pictur claim michael zehaf bibeau dead ottawashoot suspect canada,true
634,caus death usa june,true
635,presid putin probabl approv ex russian spi alexand litvinenko assassin inquiri find,false
636,donaldtrump son spoke father decis visit flood damag louisiana pre obama play golf,false
637,white hous lit rainbow color follow u suprem court rule sex coupl right marri,true
638,beat p bag charg win cute lambrini shop bag rt follow enter c appli,true
639,eleven dead shoot pari offic satir magazin charli hebdo live updat,true
640,white hous lit rainbow color follow u suprem court rule sex coupl right marri,true
641,new analysi wcvi sander latino vote nevada,true
642,ann frank stepsist say trump act like anoth hitler,false
643,break news pope franci encount kim davi endors view vatican say,true
644,hillari surroagt bob beckel call assassin julian assang,true
645,iran announc washington post report jason rezaian three iranian american freed prison,false
646,rcmp hold news confer ottawa shoot pm et pt watch live coverag,true
647,keith richard pull knife donald trump say roll stone ex event promot,true
648,local medium peopl appear escap martin place sydney caf amid hostag situat abcnew,true
649,oil tanker hijack malaysian port kuantan taken indonesian water malaysian maritim offici say,false
650,plane wreckag found thailand prompt specul might belong malaysian airlin flight mh reuter,false
651,ton peopl search move canada follow trump clinton win,true
652,ohio polic offic serv sandwich contain shard glass offic hospit rncincl,true
653,gay muslim democrat terrorist threaten kill classmat nra someth,true
654,watch live sun goe white hous light rainbow color celebr scotu rule,true
655,white hous goe rainbow celebr suprem court marriag rule,true
656,break hostag held insid sydney cafe islam flag held,true
657,break five explos heard near bataclan concert hall pari reuter wit,false
658,interest look tgt target stock price sinc implement transgend bathroom polici,true
659,audio record reveal cpr start minut staff found gynnya mcmillen,false
660,pope franci expect fire archbishop trick meet kim davi,true
661,surpris target stock drop sinc transgend bathroom polici,true
662,ann frank refuge deni entranc unit state syrianrefuge,true
663,photo tweet cpr perform soldier heard four shot ottawa,true
664,superman poster legit,true
665,tim allen compar clinton herp think gone show,false
666,ny ag investig clinton campaign credit card fraud elderli donor,true
667,open letter trump voter top strategist turn defector amaz first person account via xojanedotcom,true
668,seven year ago auto sale hit year low last year hit time high potu madeinamerica,false
669,retail giant taken huge hit consum react misguid bathroom polici,true
670,break news soldier shot nation war memori ottawa,true
671,whole food test limit yuppi diet fad new asparagu water,true
672,year ago today potu sworn offic look far come sinc,false
673,three peat team usa rout serbia win third straight th basketbal gold medal,false
674,wow anthoni johnson knockout win rd quickest finish ufc light heavyweight histori ufc,false
675,potu spinach ador kid mlkday servic project watch,false
676,check new step take expand access meal kid need,false
677,franc peopl dead shoot hq satir weekli newspap charliehebdo accord wit,true
678,pari manhunt charliehebdo attack ak rifl reportedli rocket propel grenad still larg,true
679,hear berni sander flip clark counti nevada state convent may entir state feelthebern,true
680,obama skip nanci reagan funer attend sxsw,true
681,chelsea clinton impli marijuana kill uhh,true
682,french polic said kouachi cherif kouachi want pari terror attack,true
683,break hostag held sieg take place sydney lindt chocolat cafe martin place,true
684,stephenfhay hrc made repeat represent turn fals,false
685,asu curtain distract michael phelp brought gold medal speedo trick work,false
686,hostag sydney cafe made hold islam flag,true
687,white hous lit like rainbow tonight honor scotusmarriag rule,true
688,germanw sorri confirm passeng crew board flight u crash french alp,true
689,purpl reign landmark light princ sudden death princerip,true
690,charliehebdo killer shot dead polic,true
691,insan reason chine driver intent kill pedestrian hit via slate,true
692,cut everi singl path iran could use build bomb potu irand,false
693,hillari overcharg poorest campaign donor lindasuhl realdrgina girlsfortrump cinderella b kamvtv u usa,true
694,first photo hostag press window sydneysieg,true
695,studi minimum wage increas hurt restaur industri,false
696,peopl blame massacr orlando nra newsflash orlando shooter nra member regist democrat,true
697,studi find third vegetarian eat meat drunk,true
698,whole food sell asparagu water sign end time near,true
699,teenwolf start minut rt watch tweet cri scream mtvteenwolf,false
700,caitlyn jenner pose nude sport illustr cover ball censor sad michael jordan face,true
701,univers ottawa five minut walk hill lockdown,true
702,break charli hebdo latest dead wound five critic two gunman unaccount,true
703,evid destroy campaign made payment hard drive document destruct compani makeamericagreatagain,true
704,statement prime minist toni abbott sydney hostag situat,true
705,doubl rainbow white hous,true
706,light white hous like rainbow sure hell better red white blue independ day,true
707,arianagrand creat unisex fragranc name brother,false
708,twenti five stori prove target pro tran bathroom polici danger,true
709,top trump strategist resign write reveal open letter,true
710,celebr backtothefutur day bemoan lack hoverboard ignor fact phone contain human knowledg,false
711,wait new episod teenwolf like,false
712,trump dem fail betray africanamerican commun trump lazi trait black realli,true
713,bro either black presid rainbow whitehous best trip ever,true
714,wow way end histor day lovewin loveislov equalityforal lgbt,true
715,white hous shine rainbow color light honor scotu gay marriag decis lovewin,true
716,polic seem relax suggest hostag gunman longer threat sydneysieg,true
717,presid petti strike obama reportedli skip nanci reagan funer,true
718,alert tsunami advisori issu southern california local time stay away ocean shorelin cawx tsunami,false
719,break two hostag situat franc link pari prosecutor say,true
720,donald trump msnbc form punish woman abort,true
721,unstopp novak djokov perfect australian open final win andi murray,false
722,donald trump goe full anti woman punish woman abort,true
723,theweeknd donat black live matter via cnnent,false
724,rainbow white hous right dublin one day ireland legal,true
725,meet quasimodo dog short spine,false
726,map show industri estat charliehebdo suspect hole surround polic,true
727,say labor union align hillaryclinton stop dem say tpp speak nurs,true
728,keith richard pull knife donald trump claim roll stone former promot,true
729,bachmann obama classless miss nanci reagan funer,true
730,uk heterosexu coupl want enter civil partnership rather marri lose challeng london high court,false
731,one men want copi orlando shooter stop l liber democrat berniebro,true
732,senior offici canadian govern inform one shooter dead ottawa live blog,true
733,black men may run polic massachusett high court say,true
734,bachmann slam classless obama skip nanci reagan funer,true
735,local school art project titl candlelight,true
736,drug dealer charg p bag charg let u know ring,true
737,break canada four recent case zika travel public health agenc,false
738,gay marriag rule white hous rainbow color within hour murder marin murder sailor day lower flag nice,true
739,let u make next two week black qb let u talk great guy c barkley,false
740,look whitehous light rainbow color celebr scotu sex marriag rule,true
741,meet new fave celebr coupl leonardo dicaprio vape pen,false
742,watch live sun goe white hous light rainbow color celebr scotu rule,true
743,trump top strategist stephani cegielski quit campaign wrote open letter trump support,true
744,studi link clinic depress get dunk,false
745,dad air forc inspir back job presid lili,false
746,obama support tradit marriag christian vote obama white hous rainbow bring unicorn merica,true
747,least dead shoot hq charliehebdo pari polic sourc,true
748,video clueless hillari clinton call american respect empath isi,true
749,orlando shooter muslim omar mateen regist democrat,true
750,kill young suicid bomber wed turkey age,false
751,icymi dog accident stumbl middl local half marathon earn th place,false
752,pictur syrian child surrend camera real,true
753,break charli hebdo suspect kill polic storm build polic sourc,true
754,canadian teen find lost mayan citi,true
755,iranian surveil drone fli aircraft carrier persian gulf,false
756,clarissa year old polic traine montroug polic franc victim morn attack via batou,true
757,orphanag save bikini car wash,false
758,vanessa hudgen father gregori hudgen die night greas live,false
759,must address polit margin institut racism affect peopl color read plan,true
760,guardian front page tuesday januari david bowi,false
761,powel pin ex secretari state reject clinton claim told use email server,false
762,open letter trump voter top strategist stop support want win,true
763,caitlyn jenner post nude cover sport illustr,true
764,nsw polic confirm hostag emerg sydneysieg negoti might take bit time,true
765,break news new york time report canadian soldier shot die injuri heartbreak cdnpoli ableg,true
766,race poll prove berni sander hispan vote nevada,true
767,p hell pbagcharg,true
768,charliehebdo dead includ polic pari shoot photo martinbureau afp,true
769,obama skip nanci reagan funer scalia time attend sxsw,true
770,almost start cri want make cri face instead jordan draymond green,false
771,white hous lit rainbow light celebr marriag equal,true
772,ripnathancirillo rt globeandmail soldier kill war memori identifi cpl nathan cirillo ottawashoot,true
773,whiteliberalproverb n gger vote democrat next two hundr year lbj founder modern welfar state,true
774,noth see nugget forward wilson chandler catch pound fish,false
775,jimmi fallon sesam street charact photobomb famili serious ador,false
776,break news gunman take hostag sydney cafe wave islam flag,true
777,year sinc make beauti lit world like nobodi el,false
778,isra tv isra woman speak nephew mother month old babi held hostag supermarket pari jesuisjuif,true
779,central sydney shut polic amid ongo hostag situat,true
780,p bag charg fi dead robthisengland,true
781,uber sydney trip cbd free rider higher rate still place encourag driver get cbd,true
782,ralli oklahoma came back lsu late jumper,false
783,man arm knife swiss train start fire seven peopl hospitalis knife wound burn polic say,false
784,boycott target tran bathroom polici,true
785,best thing p plastic bag charg cupboard next sink worth,true
786,charli hebdo shoot latest dead gunman still larg,true
787,purpl pain landmark across globe light fit princ tribut ripprinc,true
788,man believ gunman film wear black headband insid cafe,true
789,today day health insur make sure getcov,false
790,shot fire parliament hill man walk gun lock secur offic parliament hill,true
791,layton polic offic hospit subway worker serv meth thc drink video,true
792,woah natur,true
793,recap gunman shot dead insid parliament build polic believ may other loo cdn soldier shot earlier war memori,true
794,photo day,false
795,hostag taker sydney cafe demand isi flag call australian pm sky news report sydneysieg,true
796,mp credit sergeant arm save live parliament hill shoot,true
797,lazi trait black book quot trump say,true
798,louisiana politician demand flood aid vote sandi relief,false
799,updat confirm dead charliehebdo attack pari ap report stori ap,true
800,least peopl kill doubl blast near shia shrine sayyida zeinab south damascu syrian state medium,false
801,see peopl come firedoor near lindt cafe wait polic peopl hard see sydneysieg,true
802,hillari clinton lie clinton first woman nomin presid victoria woodhul,true
803,obama skip nanci reagan funer attend entertain festiv instead,true
804,potu make latest push advanc equal pay woman today,false
805,white hous lit rainbow color follow u suprem court rule sex coupl right marri,true
806,devot page batman v superman interview zacksnyd benaffleck henri cavil galgadot,false
807,anymor think million american quietli go day,false
808,hope excit thursday kid lebron easi basket,false
809,target say boycott transgend bathroom polici hurt sale,true
810,french polic still search woman may accompani year old man arrest disneyland pari,false
811,openli gay man said partner met pope franci day kim davi,true
812,watch tommi chong made pro berni sander video,false
813,jeb bush campaign kick state farewel tour iowa town hall meet,false
814,break live coverag hostag situat unfold sydney martin place,true
815,school satan club,true
816,network tunnel stone age howev one know could construct time,true
817,top north korean diplomat disappear london embassi defect south korea seoul confirm,false
